/*Tao Database */
CREATE DATABASE QLBH
use master
DROP DATABASE QLBH
/*Su dung database */
USE QLBH;
/*1. Tạo bảng khách hàng */
CREATE TABLE KHACHHANG
(
	MAKH CHAR(4) CONSTRAINT PK_KH PRIMARY KEY,
	HOTEN VARCHAR(40) NOT NULL,
	DCHI VARCHAR(50),
	SODT VARCHAR(20) NOT NULL,
	NGSINH SMALLDATETIME,
	NGDK SMALLDATETIME,
	DOANHSO MONEY,
)
/*DROP TABLE KHACHHANG XÓA BẢNG*/

/*Tạo bảng nhân viên*/
CREATE TABLE NHANVIEN
(
	MANV CHAR(4) CONSTRAINT PK_NV PRIMARY KEY,
	HOTEN VARCHAR(40),
	SODT VARCHAR(20),
	NGVL SMALLDATETIME
)

/*Tạo bảng sản phẩm*/
CREATE TABLE SANPHAM
(
	MASP CHAR(4) CONSTRAINT PK_SP PRIMARY KEY,
	TENSP VARCHAR(40),
	DVT VARCHAR(20),
	NUOCSX VARCHAR(40),
	GIA MONEY,
)

/*Tạo bảng hóa đơn*/
CREATE TABLE HOADON
(
	SOHD INT CONSTRAINT PK_HOADON PRIMARY KEY,
	NGHD SMALLDATETIME,
	MAKH CHAR(4),
	MANV CHAR(4),
	TRIGIA MONEY,
)

/*Tạo bảng chi tiết hóa đơn*/
CREATE TABLE CTHD
(
	SOHD INT ,
	MASP CHAR(4),
	SL INT,
	CONSTRAINT PK_CTHD PRIMARY KEY(SOHD,MASP)
)

ALTER TABLE HOADON ADD CONSTRAINT FK_HOADON_MAKH FOREIGN KEY (MAKH) REFERENCES KHACHHANG(MAKH)
ALTER TABLE HOADON ADD CONSTRAINT FK_HOADON_MANV FOREIGN KEY (MANV) REFERENCES NHANVIEN(MANV)
ALTER TABLE CTHD ADD CONSTRAINT FK_CTHD_SOHD FOREIGN KEY (SOHD) REFERENCES HOADON(SOHD)
ALTER TABLE CTHD ADD CONSTRAINT FK_CTHD_MASP FOREIGN KEY(MASP) REFERENCES SANPHAM(MASP)


SELECT *FROM KHACHHANG


/*2. THÊM VAO THUOC TINH GHICHU CO KIEU DU LIEU KIEU VARCHAR(20) CHO QUAN HE SANPHAM */ 
ALTER TABLE SANPHAM 
ADD GHICHU VARCHAR(20)
SELECT*FROM SANPHAM 

/*3.them vao thuoc tinh LOAIKH co kieu du lieu la tinyint cho quan he khach hang*/
ALTER TABLE KHACHHANG 
ADD LOAIKH TINYINT
SELECT*FROM KHACHHANG 

/*4.Sua kieu du lieu GHICHU trong quan he SANPHAM thanh VARCHAR(100)*/
ALTER TABLE SANPHAM 
ALTER COLUMN GHICHU VARCHAR(100)
SELECT*FROM SANPHAM 

/*5.Xoa thuoc tinh GHICHU trong quan he SANPHAM*/
ALTER TABLE SANPHAM 
DROP COLUMN GHICHU
SELECT*FROM SANPHAM

/*6.Lam the nao de thuoc tinh LOAIKH trong quan he KHACHHANG co the luu cac gia tri la:"vang lai","thuong xuyen","vip"...*/
ALTER TABLE KHACHHANG 
ALTER COLUMN LOAIKH VARCHAR(20)

/*7.Don vi tinh cua san pham chi co the la ("cay","hop","cai","quyen","chuc")*/  
ALTER TABLE SANPHAM 
ADD CONSTRAINT SP_DVT 
CHECK (DVT='cay' or DVT='quyen' or DVT='hop'or DVT='chuc' or DVT='cai')

/*8.Gia ban cua SANPHAM tu 500d tr? lên*/
ALTER TABLE SANPHAM 
ADD CONSTRAINT SP_GIA 
CHECK (GIA>=500)

/*9.Moi lan mua hang khach hang phai mua duoc it nhat mot san pham */
ALTER TABLE CTHD 
ADD CONSTRAINT CTHD_SL 
CHECK (SL>=1)

/*10. Ngay khach hang dang ki la khach hang thanh vien phai lon hon ngay sinh cua nguoi do*/
ALTER TABLE KHACHHANG 
ADD CONSTRAINT KH_NGAY 
CHECK (NGDK >NGSINH)

/*II*/

/*2. Tạo quan hệ SANPHAM1 chứa toàn bộ dữ liệu của quan hệ SANPHAM. 
Tạo quan hệ KHACHHANG1 chứa toàn bộ dữ liệu của quan hệ KHACHHANG.*/
SELECT* INTO SANPHAM1 FROM SANPHAM
SELECT* INTO KHACHHANG1 FROM KHACHHANG

SELECT *FROM SANPHAM1
SELECT *FROM KHACHHANG1
DROP TABLE KHACHHANG1
/*3. Cập nhật giá tăng 5% đối với những sản phẩm do “Thai Lan” sản xuất (cho quan hệ SANPHAM1)*/
UPDATE SANPHAM1
SET GIA = GIA*1.05
WHERE NUOCSX='THAILAN'

/*4. Cập nhật giá giảm 5% đối với những sản phẩm do “Trung Quoc” sản xuất có giá từ 10.000 trở xuống (cho quan hệ SANPHAM1).*/
UPDATE SANPHAM1
SET GIA = GIA*0.95
WHERE NUOCSX='TRUNGQUOC' AND GIA<=10000

/*5. Cập nhật giá trị LOAIKH là “Vip” đối với những khách hàng đăng ký thành viên trước ngày
1/1/2007 có doanh số từ 10.000.000 trở lên hoặc khách hàng đăng ký thành viên từ 1/1/2007 trở về
sau có doanh số từ 2.000.000 trở lên (cho quan hệ KHACHHANG1).*/
UPDATE KHACHHANG1
SET LOAIKH='VIP'
WHERE ((NGDK<'1/1/2007') AND (DOANHSO>=10000000)) OR ((NGDK>'1/1/2007') AND (DOANHSO>=2000000))

/*III*/
/*1. In ra danh sách các sản phẩm (MASP,TENSP) do “Trung Quoc” sản xuất.*/
SELECT MASP,TENSP
FROM SANPHAM
WHERE NUOCSX='TRUNGQUOC'
ORDER BY MASP ASC

/*2. In ra danh sách các sản phẩm (MASP, TENSP) có đơn vị tính là “cay”, ”quyen”.*/
SELECT MASP,TENSP
FROM SANPHAM
WHERE DVT='CAY' OR DVT ='QUYEN'

/*3. In ra danh sách các sản phẩm (MASP,TENSP) có mã sản phẩm bắt đầu là “B” và kết thúc là “01”*/
SELECT MASP,TENSP
FROM SANPHAM
WHERE MASP LIKE ('B%01')

/*4. In ra danh sách các sản phẩm (MASP,TENSP) do “Trung Quốc” sản xuất có giá từ 30.000 đến
40.000.*/
SELECT MASP,TENSP
FROM SANPHAM
WHERE NUOCSX='TRUNGQUOC' AND GIA BETWEEN 30000 AND 40000

/*5. In ra danh sách các sản phẩm (MASP,TENSP) do “Trung Quoc” hoặc “Thai Lan” sản xuất có giá từ
30.000 đến 40.000.*/
SELECT MASP,TENSP
FROM SANPHAM
WHERE NUOCSX IN('TRUNGQUOC','THAILAN')AND (GIA BETWEEN 30000 AND 40000)

/*6. In ra các số hóa đơn, trị giá hóa đơn bán ra trong ngày 1/1/2007 và ngày 2/1/2007.*/
SELECT SOHD,TRIGIA
FROM HOADON
WHERE NGHD IN('1/1/2007','2/1/2007')

/*7. In ra các số hóa đơn, trị giá hóa đơn trong tháng 1/2007, sắp xếp theo ngày (tăng dần) và trị giá của
hóa đơn (giảm dần).*/
SELECT SOHD,TRIGIA
FROM HOADON
WHERE MONTH(NGHD)=1 AND YEAR(NGHD)=2007
ORDER BY  TRIGIA DESC 

/*8. In ra danh sách các khách hàng (MAKH, HOTEN) đã mua hàng trong ngày 1/1/2007.*/
SELECT KHACHHANG.MAKH,HOTEN
FROM KHACHHANG,HOADON
WHERE KHACHHANG.MAKH=HOADON.MAKH AND NGHD='1/1/2007'

/*9. In ra số hóa đơn, trị giá các hóa đơn do nhân viên có tên “Nguyen Van B” lập trong ngày
28/10/2006.*/
SELECT SOHD,TRIGIA
FROM NHANVIEN,HOADON
WHERE NHANVIEN.MANV=HOADON.MANV AND HOTEN = 'Nguyen Van B' AND NGHD='28/10/2006'

/*10. In ra danh sách các sản phẩm (MASP,TENSP) được khách hàng có tên “Nguyen Van A” mua trong
tháng 10/2006.*/
SELECT SANPHAM.MASP,TENSP
FROM KHACHHANG,HOADON,CTHD,SANPHAM
WHERE KHACHHANG.MAKH=HOADON.MAKH AND HOADON.SOHD=CTHD.SOHD AND CTHD.MASP=SANPHAM.MASP 
AND KHACHHANG.HOTEN='Nguyen Van A' AND MONTH(NGHD)=10 AND YEAR(NGHD)=2006
ORDER BY MASP DESC

/*11. Tìm các số hóa đơn đã mua sản phẩm có mã số “BB01” hoặc “BB02”.*/
SELECT CTHD.SOHD
FROM CTHD
WHERE MASP = 'BB01' OR MASP ='BB02'

/*12. Tìm các số hóa đơn đã mua sản phẩm có mã số “BB01” hoặc “BB02”, mỗi sản phẩm mua với số
lượng từ 10 đến 20.*/
SELECT SOHD
FROM CTHD
WHERE CTHD.MASP='BB01' AND (SL BETWEEN 10 AND 20)
UNION
SELECT SOHD
FROM CTHD
WHERE CTHD.MASP='BB02' AND (SL BETWEEN 10 AND 20)

/*12. Cách 2*/
SELECT DISTINCT SOHD
FROM CTHD
WHERE (MASP = 'BB01' OR MASP ='BB02') AND (SL BETWEEN 10 AND 20)

/*13. Tìm các số hóa đơn mua cùng lúc 2 sản phẩm có mã số “BB01” và “BB02”, mỗi sản phẩm mua với
số lượng từ 10 đến 20.*/
SELECT SOHD
FROM CTHD
WHERE CTHD.MASP='BB01' AND (SL BETWEEN 10 AND 20)
INTERSECT
SELECT SOHD
FROM CTHD
WHERE CTHD.MASP='BB02' AND (SL BETWEEN 10 AND 20)

/*14. In ra danh sách các sản phẩm (MASP,TENSP) do “Trung Quoc” sản xuất hoặc các sản phẩm được
bán ra trong ngày 1/1/2007.*/
SELECT SANPHAM.MASP,TENSP
FROM (HOADON JOIN CTHD ON HOADON.SOHD =CTHD.SOHD) JOIN SANPHAM ON CTHD.MASP=SANPHAM.MASP
WHERE ((NUOCSX='TRUNGQUOC' OR NGHD='1/1/2007'))
/*14. Cách 2*/
SELECT MASP, TENSP
FROM SANPHAM
WHERE NUOCSX='TRUNGQUOC'
UNION
SELECT SP.MASP, TENSP
FROM SANPHAM SP
INNER JOIN CTHD ON SP.MASP = CTHD.MASP
INNER JOIN HOADON HD ON CTHD.SOHD=HD.SOHD
WHERE NGHD='1/1/2007'
/*14. Cách 3*/
SELECT MASP, TENSP
FROM SANPHAM
WHERE NUOCSX='TRUNGQUOC'
UNION
SELECT SP.MASP, TENSP
FROM SANPHAM SP, CTHD CT, HOADON HD
WHERE SP.MASP=CT.MASP AND HD.SOHD=CT.SOHD AND NGHD ='1/1/2007'

/*15. In ra danh sách các sản phẩm (MASP,TENSP) không bán được.*/
/*C1: Dùng phép trừ*/
SELECT MASP,TENSP
FROM SANPHAM
EXCEPT
SELECT SANPHAM.MASP,TENSP
FROM SANPHAM,CTHD
WHERE CTHD.MASP=SANPHAM.MASP
/*C2: Dùng NOT IN SEB QUERY*/
SELECT MASP,TENSP
FROM SANPHAM
WHERE MASP NOT IN (	SELECT DISTINCT MASP 
					FROM CTHD)
/*C3: Dùng EXISTS SEB QUERY*/
SELECT MASP,TENSP
FROM SANPHAM
WHERE NOT EXISTS (	SELECT *
						FROM CTHD
						WHERE SANPHAM.MASP=CTHD.MASP)

/*16. In ra danh sách các sản phẩm (MASP,TENSP) không bán được trong năm 2006*/
/*C1: DÙNG EXCEPT*/
SELECT MASP, TENSP
FROM SANPHAM
EXCEPT
SELECT SP.MASP, TENSP
FROM SANPHAM SP, HOADON HD, CTHD CTHD
WHERE SP.MASP=CTHD.MASP AND CTHD.SOHD=HD.SOHD AND YEAR(NGHD) =2006
/*C2: DUNG NOT IN*/
SELECT MASP, TENSP
FROM SANPHAM
WHERE MASP NOT IN (SELECT DISTINCT MASP
					FROM CTHD, HOADON
					WHERE CTHD.SOHD=HOADON.SOHD AND
						YEAR(NGHD)=2006)
/*C3: NOT EXISTS*/
SELECT MASP,TENSP
FROM SANPHAM
WHERE NOT EXISTS (SELECT *
					FROM CTHD,HOADON
					WHERE SANPHAM.MASP=CTHD.MASP 
					AND CTHD.SOHD=HOADON.SOHD 
					AND YEAR(NGHD)=2006)
/*17. In ra danh sách các sản phẩm (MASP,TENSP) do “Trung Quoc” sản xuất không bán được trong
năm 2006.*/
SELECT MASP, TENSP
FROM SANPHAM
WHERE NUOCSX='TRUNGQUOC'
EXCEPT
SELECT SP.MASP, TENSP
FROM SANPHAM SP, HOADON HD, CTHD CTHD
WHERE SP.MASP=CTHD.MASP AND CTHD.SOHD=HD.SOHD AND YEAR(NGHD)=2006 AND NUOCSX='TRUNGQUOC'

/*18. Tìm số hóa đơn trong năm 2006 đã mua ít nhất tất cả các sản phẩm do Singapore sản xuất.*/
SELECT SOHD
FROM HOADON
WHERE YEAR(NGHD)=2006 AND NOT EXISTS
									(	SELECT *
										FROM SANPHAM
										WHERE NUOCSX = 'SINGAPORE' AND MASP NOT IN
																			(
																				SELECT MASP
																				FROM CTHD 
																				WHERE SOHD = HOADON.SOHD
																			)
									)

/*18. Đề trên CLASS bị thừa*/
/*Từ đây số câu -1 đơn vị*/
/*20. Có bao nhiêu hóa đơn không phải của khách hàng đăng ký thành viên mua?*/
/*C1: */
SELECT COUNT(*)
FROM HOADON HD
WHERE MAKH NOT IN(	SELECT MAKH
					FROM KHACHHANG KH
					WHERE KH.MAKH = HD.MAKH)
/*C2: DÙNG IS NULL*/
SELECT COUNT(*) AS HOADON_KH_KHONGLATV
FROM HOADON
WHERE MAKH IS NULL

/*21. Có bao nhiêu sản phẩm khác nhau được bán ra trong năm 2006.*/
/*Cách kết ở mệnh đề FROM*/
SELECT COUNT(DISTINCT(MASP)) AS SOSPKHACNHAU
FROM HOADON HD JOIN CTHD ON HD.SOHD=CTHD.SOHD
WHERE YEAR(NGHD)=2006
/*Cách kết ở mệnh đề WHERE*/
SELECT COUNT(DISTINCT(MASP)) AS SOSPKHACNHAU
FROM HOADON HD,CTHD
WHERE HD.SOHD=CTHD.SOHD
	  AND YEAR(NGHD)=2006

/*22. Cho biết trị giá hóa đơn cao nhất, thấp nhất là bao nhiêu ?*/
SELECT MAX(TRIGIA) AS GIATRIHDCAONHAT,MIN(TRIGIA) AS GIATRIHDTHAPNHAT
FROM HOADON

/*23. Trị giá trung bình của tất cả các hóa đơn được bán ra trong năm 2006 là bao nhiêu?*/
SELECT AVG(TRIGIA) AS TRIGIATBNAM2006
FROM HOADON
WHERE YEAR(NGHD)=2006

/*24. Tính doanh thu bán hàng trong năm 2006.*/
SELECT SUM(TRIGIA) AS DOANHTHU2006
FROM HOADON
WHERE YEAR(NGHD)=2006

/*25. Tìm họ tên khách hàng đã mua hóa đơn có trị giá cao nhất trong năm 2006.*/
SELECT HOTEN
FROM KHACHHANG KH,HOADON HD
WHERE KH.MAKH=HD.MAKH AND SOHD = (	SELECT SOHD
									FROM HOADON
									WHERE TRIGIA = (SELECT MAX(TRIGIA)
													FROM HOADON))
/*Cách 2*/
SELECT HOTEN
FROM KHACHHANG KH,HOADON HD
WHERE KH.MAKH=HD.MAKH AND TRIGIA IN (	SELECT MAX(TRIGIA)
										FROM HOADON)

/*26. In ra danh sách 3 khách hàng (MAKH, HOTEN) có doanh số cao nhất.*/
SELECT TOP 3 MAKH,HOTEN
FROM KHACHHANG KH
ORDER BY DOANHSO DESC

/*27. In ra danh sách các sản phẩm (MASP, TENSP) có giá bán bằng 1 trong 3 mức giá cao nhất.*/
SELECT MASP,TENSP
FROM SANPHAM
WHERE GIA IN(	SELECT DISTINCT TOP 3 GIA
				FROM SANPHAM
				ORDER BY GIA DESC)

/*28. In ra danh sách các sản phẩm (MASP, TENSP) do “Thai Lan” sản xuất có giá bằng 1 trong 3 mức
giá cao nhất (của tất cả các sản phẩm).*/
SELECT MASP,TENSP
FROM SANPHAM
WHERE NUOCSX = 'THAILAN' AND GIA IN (SELECT DISTINCT TOP 3 GIA
									FROM SANPHAM
									ORDER BY GIA DESC)

/*29. In ra danh sách các sản phẩm (MASP, TENSP) do “Trung Quoc” sản xuất có giá bằng 1 trong 3 mức
giá cao nhất (của sản phẩm do “Trung Quoc” sản xuất).*/
SELECT MASP,TENSP
FROM SANPHAM
WHERE NUOCSX = 'TRUNGQUOC' AND GIA IN (SELECT DISTINCT TOP 3 GIA
									FROM SANPHAM
									WHERE NUOCSX='TRUNGQUOC'
									ORDER BY GIA DESC)

/*30. In ra danh sách 3 khách hàng có doanh số cao nhất (sắp xếp theo kiểu xếp hạng).*/
SELECT TOP 3 MAKH,HOTEN
FROM KHACHHANG
ORDER BY DOANHSO DESC

/*32. Tính tổng số sản phẩm do “Trung Quoc” sản xuất*/
SELECT COUNT(MASP) AS TONGSOSPCUATQSX
FROM SANPHAM
WHERE NUOCSX='TRUNGQUOC'

/*33. Tính tổng số sản phẩm của từng nước sản xuất.*/
SELECT NUOCSX,COUNT(MASP) AS TONGSPTUNGNUOCSX
FROM SANPHAM
GROUP BY NUOCSX

/*34. Với từng nước sản xuất, tìm giá bán cao nhất, thấp nhất, trung bình của các sản phẩm.*/
SELECT NUOCSX,MAX(GIA) AS CAONHAT,MIN(GIA) AS THAPNHAT, AVG(GIA) AS TB
FROM SANPHAM
GROUP BY NUOCSX

/*35. Tính doanh thu bán hàng mỗi ngày*/
SELECT NGHD,SUM(TRIGIA) AS DOANHTHU
FROM HOADON
GROUP BY NGHD


/*36. Tính tổng số lượng của từng sản phẩm bán ra trong tháng 10/2006.*/
SELECT MASP,SUM(SL) AS TONGSL
FROM CTHD, HOADON HD
WHERE CTHD.SOHD = HD.SOHD AND MONTH(NGHD)=10 AND YEAR(NGHD)=2006
GROUP BY MASP

/*37. Tính doanh thu bán hàng của từng tháng trong năm 2006.*/
SELECT MONTH(NGHD),SUM(TRIGIA) AS DOANHTHU
FROM HOADON
WHERE YEAR(NGHD)=2006
GROUP BY MONTH(NGHD)

/*38. Tìm hóa đơn có mua ít nhất 4 sản phẩm khác nhau.*/
SELECT *
FROM HOADON
WHERE SOHD IN (
				SELECT DISTINCT SOHD
				FROM CTHD
				WHERE SL >= 4)

/*39. Tìm hóa đơn có mua 3 sản phẩm do “Viet Nam” sản xuất (3 sản phẩm khác nhau).*/
SELECT *
FROM HOADON
WHERE SOHD IN ( SELECT SOHD
				FROM CTHD, SANPHAM SP
				WHERE CTHD.MASP=SP.MASP AND NUOCSX='VIETNAM' AND SL>=3)

/*40. Tìm khách hàng (MAKH, HOTEN) có số lần mua hàng nhiều nhất.*/
SELECT MAKH,HOTEN
FROM KHACHHANG
WHERE MAKH IN(	SELECT TOP 1 MAKH
				FROM HOADON
				GROUP BY MAKH
				ORDER BY COUNT(DISTINCT SOHD) DESC)

/*41. Tháng mấy trong năm 2006, doanh số bán hàng cao nhất ?*/
SELECT TOP 1 MONTH(NGHD) AS THANGCAONHAT
FROM HOADON
WHERE YEAR(NGHD) = 2006
GROUP BY MONTH(NGHD)
ORDER BY MAX(TRIGIA) DESC

/*42. Tìm sản phẩm (MASP, TENSP) có tổng số lượng bán ra thấp nhất trong năm 2006.*/
SELECT MASP,TENSP
FROM SANPHAM
WHERE MASP= (	SELECT TOP 1 MASP
				FROM CTHD
				GROUP BY MASP
				ORDER BY SUM(SL) DESC)

/*43. Mỗi nước sản xuất, tìm sản phẩm (MASP,TENSP) có giá bán cao nhất.*/
SELECT NUOCSX,MASP,TENSP
FROM SANPHAM


/*44. Tìm nước sản xuất sản xuất ít nhất 3 sản phẩm có giá bán khác nhau.*/


/*45. Trong 10 khách hàng có doanh số cao nhất, tìm khách hàng có số lần mua hàng nhiều nhất.*/

SET DATEFORMAT DMY

INSERT INTO NHANVIEN(MANV,HOTEN,SODT,NGVL) VALUES ('NV01','NGUYEN NHU NHUT','0927345678','13/04/2006')
INSERT INTO NHANVIEN(MANV,HOTEN,SODT,NGVL) VALUES ('NV02','LE THI PHI YEN','0987567390','21/04/2006')
INSERT INTO NHANVIEN(MANV,HOTEN,SODT,NGVL) VALUES ('NV03','NGUYEN VAN B','0997047382','27/04/2006')
INSERT INTO NHANVIEN(MANV,HOTEN,SODT,NGVL) VALUES ('NV04','NGO THANH TUAN','0913758498','24/06/2006')
INSERT INTO NHANVIEN(MANV,HOTEN,SODT,NGVL) VALUES ('NV05','NGUYEN THI TRUC THANH','0918590387','20/07/2006')

INSERT INTO KHACHHANG(MAKH,HOTEN,DCHI,SODT,NGSINH,NGDK,DOANHSO) VALUES ('KH01','NGUYEN VAN A','731TRAN HUNG DAO,Q5,THHCM','08823451','22/10/1960','22/07/2006',13060000)
INSERT INTO KHACHHANG(MAKH,HOTEN,DCHI,SODT,NGSINH,NGDK,DOANHSO) VALUES ('KH02','TRAN NGOC HAN','23/5NGUYEN TRAI,Q5,TPHCM','0908256478','03/04/1974','30/07/2006',280000)
INSERT INTO KHACHHANG(MAKH,HOTEN,DCHI,SODT,NGSINH,NGDK,DOANHSO) VALUES ('KH03','TRAN NGOC LINH','45NGUYEN CANH CHAN,Q1,TPHCM','0938776266','10/06/1980','05/05/2006',3860000)
INSERT INTO KHACHHANG(MAKH,HOTEN,DCHI,SODT,NGSINH,NGDK,DOANHSO) VALUES ('KH04','TRAN MINH LONG','50/34LE DAI HANH,Q10,TPHCM','0917325476','09/03/1965','02/10/2006',250000)
INSERT INTO KHACHHANG(MAKH,HOTEN,DCHI,SODT,NGSINH,NGDK,DOANHSO) VALUES ('KH05','LE NHAT MINH','34TRUONG DINH,Q3,TPHCM','08246108','10/03/1950','28/10/2006',21000)
INSERT INTO KHACHHANG(MAKH,HOTEN,DCHI,SODT,NGSINH,NGDK,DOANHSO) VALUES ('KH06','LE HOAI THUONG','227NGUYEN VAN CU,Q5,TPHCM','08631738','31/12/1981','24/11/2006',915000)
INSERT INTO KHACHHANG(MAKH,HOTEN,DCHI,SODT,NGSINH,NGDK,DOANHSO) VALUES ('KH07','NGUYEN VAN TAM','32/3 TRAN BINH TRONG,Q5,TPHCM','0916783565','06/06/1971','01/12/2006',12500)
INSERT INTO KHACHHANG(MAKH,HOTEN,DCHI,SODT,NGSINH,NGDK,DOANHSO) VALUES ('KH08','PHAN THI THANH','45/2 AN DUONG VUONG,Q5,TPHCM','0938435756','10/01/1971','13/12/2006',365000)
INSERT INTO KHACHHANG(MAKH,HOTEN,DCHI,SODT,NGSINH,NGDK,DOANHSO) VALUES ('KH09','LE HA VINH','837 LE HONG PHONG,Q5,TPHCM','08654763','03/03/1979','14/01/2007',70000)
INSERT INTO KHACHHANG(MAKH,HOTEN,DCHI,SODT,NGSINH,NGDK,DOANHSO) VALUES ('KH10','HA DUY LAP','34/34B NGUYEN TRAI,Q5,TPHCM','08768904','02/05/1983','16/01/2007',67500)


INSERT INTO SANPHAM(MASP,TENSP,DVT,NUOCSX,GIA) VALUES ('BC01','BUT CHI','CAY','SINGAPORE',3000)
INSERT INTO SANPHAM(MASP,TENSP,DVT,NUOCSX,GIA) VALUES ('BC02','BUT CHI','CAY','SINGAPORE',5000)
INSERT INTO SANPHAM(MASP,TENSP,DVT,NUOCSX,GIA) VALUES ('BC03','BUT CHI','CAY','VIETNAM',3500)
INSERT INTO SANPHAM(MASP,TENSP,DVT,NUOCSX,GIA) VALUES ('BC04','BUT CHI','HOP','VIETNAM',30000)
INSERT INTO SANPHAM(MASP,TENSP,DVT,NUOCSX,GIA) VALUES ('BB01','BUT BI','CAY','VIETNAM',5000)
INSERT INTO SANPHAM(MASP,TENSP,DVT,NUOCSX,GIA) VALUES ('BB02','BUT BI','CAY','TRUNGQUOC',7000)
INSERT INTO SANPHAM(MASP,TENSP,DVT,NUOCSX,GIA) VALUES ('BB03','BUT BI','HOP','THAILAN',100000)
INSERT INTO SANPHAM(MASP,TENSP,DVT,NUOCSX,GIA) VALUES ('TV01','TAP 100 TRANG GIAY MONG','QUYEN','TRUNGQUOC',2500)
INSERT INTO SANPHAM(MASP,TENSP,DVT,NUOCSX,GIA) VALUES ('TV02','TAP 200 TRANG GIAY MONG','QUYEN','TRUNGQUOC',4500)
INSERT INTO SANPHAM(MASP,TENSP,DVT,NUOCSX,GIA) VALUES ('TV03','TAP 100 TRANG GIAY TOT','QUYEN','VIETNAM',3000)
INSERT INTO SANPHAM(MASP,TENSP,DVT,NUOCSX,GIA) VALUES ('TV04','TAP 200 TRANG GIAY TOT','QUYEN','VIETNAM',5500)
INSERT INTO SANPHAM(MASP,TENSP,DVT,NUOCSX,GIA) VALUES ('TV05','TAP 100 TRANG ','CHUC','VIETNAM',23000)
INSERT INTO SANPHAM(MASP,TENSP,DVT,NUOCSX,GIA) VALUES ('TV06','TAP 200 TRANG ','CHUC','VIETNAM',53000)
INSERT INTO SANPHAM(MASP,TENSP,DVT,NUOCSX,GIA) VALUES ('TV07','TAP 100 TRANG ','CHUC','TRUNGQUOC',34000)
INSERT INTO SANPHAM(MASP,TENSP,DVT,NUOCSX,GIA) VALUES ('ST01','SO TAY 500 TRANG','QUYEN','TRUNGQUOC',40000)
INSERT INTO SANPHAM(MASP,TENSP,DVT,NUOCSX,GIA) VALUES ('ST02','SO TAY LOAI 1','QUYEN','VIETNAM',55000)
INSERT INTO SANPHAM(MASP,TENSP,DVT,NUOCSX,GIA) VALUES ('ST03','SO TAY LOAI 2','QUYEN','VIETNAM',51000)
INSERT INTO SANPHAM(MASP,TENSP,DVT,NUOCSX,GIA) VALUES ('ST04','SO TAY','QUYEN','THAILAN',55000)
INSERT INTO SANPHAM(MASP,TENSP,DVT,NUOCSX,GIA) VALUES ('ST05','SO TAY MONG','QUYEN','THAILAN',20000)
INSERT INTO SANPHAM(MASP,TENSP,DVT,NUOCSX,GIA) VALUES ('ST06','PHAN VIET BANG','HOP','VIETNAM',5000)
INSERT INTO SANPHAM(MASP,TENSP,DVT,NUOCSX,GIA) VALUES ('ST07','PHAN KHONG BUI','HOP','VIETNAM',7000)
INSERT INTO SANPHAM(MASP,TENSP,DVT,NUOCSX,GIA) VALUES ('ST08','BONG BAMG','CAI','VIETNAM',1000)
INSERT INTO SANPHAM(MASP,TENSP,DVT,NUOCSX,GIA) VALUES ('ST09','BUT LONG','CAY','VIETNAM',5000)
INSERT INTO SANPHAM(MASP,TENSP,DVT,NUOCSX,GIA) VALUES ('ST10','BUT LONG','CAY','TRUNGQUOC',7000)

INSERT INTO HOADON(SOHD,NGHD,MAKH,MANV,TRIGIA) VALUES (1001,'27/07/2006','KH01','NV01',320000)
INSERT INTO HOADON(SOHD,NGHD,MAKH,MANV,TRIGIA) VALUES (1002,'10/08/2006','KH01','NV02',840000)
INSERT INTO HOADON(SOHD,NGHD,MAKH,MANV,TRIGIA) VALUES (1003,'23/08/2006','KH02','NV01',100000)
INSERT INTO HOADON(SOHD,NGHD,MAKH,MANV,TRIGIA) VALUES (1004,'01/09/2006','KH02','NV01',180000)
INSERT INTO HOADON(SOHD,NGHD,MAKH,MANV,TRIGIA) VALUES (1005,'20/10/2006','KH01','NV02',3800000)
INSERT INTO HOADON(SOHD,NGHD,MAKH,MANV,TRIGIA) VALUES (1006,'16/10/2006','KH01','NV03',2430000)
INSERT INTO HOADON(SOHD,NGHD,MAKH,MANV,TRIGIA) VALUES (1007,'28/10/2006','KH03','NV03',510000)
INSERT INTO HOADON(SOHD,NGHD,MAKH,MANV,TRIGIA) VALUES (1008,'28/10/2006','KH01','NV03',440000)
INSERT INTO HOADON(SOHD,NGHD,MAKH,MANV,TRIGIA) VALUES (1009,'28/10/2006','KH03','NV04',200000)
INSERT INTO HOADON(SOHD,NGHD,MAKH,MANV,TRIGIA) VALUES (1010,'01/11/2006','KH01','NV01',5200000)
INSERT INTO HOADON(SOHD,NGHD,MAKH,MANV,TRIGIA) VALUES (1011,'04/11/2006','KH04','NV03',250000)
INSERT INTO HOADON(SOHD,NGHD,MAKH,MANV,TRIGIA) VALUES (1012,'30/11/2006','KH05','NV03',21000)
INSERT INTO HOADON(SOHD,NGHD,MAKH,MANV,TRIGIA) VALUES (1013,'12/12/2006','KH06','NV01',5000)
INSERT INTO HOADON(SOHD,NGHD,MAKH,MANV,TRIGIA) VALUES (1014,'31/12/2006','KH03','NV02',3150000)
INSERT INTO HOADON(SOHD,NGHD,MAKH,MANV,TRIGIA) VALUES (1015,'01/01/2007','KH06','NV01',910000)
INSERT INTO HOADON(SOHD,NGHD,MAKH,MANV,TRIGIA) VALUES (1016,'01/01/2007','KH07','NV02',12500)
INSERT INTO HOADON(SOHD,NGHD,MAKH,MANV,TRIGIA) VALUES (1017,'02/01/2007','KH08','NV03',35000)
INSERT INTO HOADON(SOHD,NGHD,MAKH,MANV,TRIGIA) VALUES (1018,'13/01/2007','KH08','NV03',330000)
INSERT INTO HOADON(SOHD,NGHD,MAKH,MANV,TRIGIA) VALUES (1019,'13/01/2007','KH01','NV03',30000)
INSERT INTO HOADON(SOHD,NGHD,MAKH,MANV,TRIGIA) VALUES (1020,'14/01/2007','KH09','NV04',70000)
INSERT INTO HOADON(SOHD,NGHD,MAKH,MANV,TRIGIA) VALUES (1021,'16/01/2007','KH10','NV03',67500)
INSERT INTO HOADON(SOHD,NGHD,MAKH,MANV,TRIGIA) VALUES (1022,'16/01/2007',NULL,'NV03',7000)
INSERT INTO HOADON(SOHD,NGHD,MAKH,MANV,TRIGIA) VALUES (1023,'17/01/2007',NULL,'NV01',330000)

INSERT INTO CTHD(SOHD,MASP,SL) VALUES (1001,'TV02',10)
INSERT INTO CTHD(SOHD,MASP,SL) VALUES (1001,'ST01',5)
INSERT INTO CTHD(SOHD,MASP,SL) VALUES (1001,'BC01',5)
INSERT INTO CTHD(SOHD,MASP,SL) VALUES (1001,'BC02',10)
INSERT INTO CTHD(SOHD,MASP,SL) VALUES (1001,'ST08',10)
INSERT INTO CTHD(SOHD,MASP,SL) VALUES (1002,'BC04',20)
INSERT INTO CTHD(SOHD,MASP,SL) VALUES (1002,'BB01',20)
INSERT INTO CTHD(SOHD,MASP,SL) VALUES (1002,'BB02',20)
INSERT INTO CTHD(SOHD,MASP,SL) VALUES (1003,'BB03',10)
INSERT INTO CTHD(SOHD,MASP,SL) VALUES (1004,'TV01',20)
INSERT INTO CTHD(SOHD,MASP,SL) VALUES (1004,'TV02',10)
INSERT INTO CTHD(SOHD,MASP,SL) VALUES (1004,'TV03',10)
INSERT INTO CTHD(SOHD,MASP,SL) VALUES (1004,'TV04',10)
INSERT INTO CTHD(SOHD,MASP,SL) VALUES (1005,'TV05',50)
INSERT INTO CTHD(SOHD,MASP,SL) VALUES (1005,'TV06',50)
INSERT INTO CTHD(SOHD,MASP,SL) VALUES (1006,'TV07',20)
INSERT INTO CTHD(SOHD,MASP,SL) VALUES (1006,'ST01',30)
INSERT INTO CTHD(SOHD,MASP,SL) VALUES (1006,'ST02',10)
INSERT INTO CTHD(SOHD,MASP,SL) VALUES (1007,'ST03',10)
INSERT INTO CTHD(SOHD,MASP,SL) VALUES (1008,'ST04',8)
INSERT INTO CTHD(SOHD,MASP,SL) VALUES (1009,'ST05',10)
INSERT INTO CTHD(SOHD,MASP,SL) VALUES (1010,'TV07',50)
INSERT INTO CTHD(SOHD,MASP,SL) VALUES (1010,'ST07',50)
INSERT INTO CTHD(SOHD,MASP,SL) VALUES (1010,'ST08',100)
INSERT INTO CTHD(SOHD,MASP,SL) VALUES (1010,'ST04',50)
INSERT INTO CTHD(SOHD,MASP,SL) VALUES (1010,'TV03',100)
INSERT INTO CTHD(SOHD,MASP,SL) VALUES (1011,'ST06',50)
INSERT INTO CTHD(SOHD,MASP,SL) VALUES (1012,'ST07',3)
INSERT INTO CTHD(SOHD,MASP,SL) VALUES (1013,'ST08',5)
INSERT INTO CTHD(SOHD,MASP,SL) VALUES (1014,'BC02',80)
INSERT INTO CTHD(SOHD,MASP,SL) VALUES (1014,'BB02',100)
INSERT INTO CTHD(SOHD,MASP,SL) VALUES (1014,'BC04',60)
INSERT INTO CTHD(SOHD,MASP,SL) VALUES (1014,'BB01',50)
INSERT INTO CTHD(SOHD,MASP,SL) VALUES (1015,'BB02',30)
INSERT INTO CTHD(SOHD,MASP,SL) VALUES (1015,'BB03',7)
INSERT INTO CTHD(SOHD,MASP,SL) VALUES (1016,'TV01',5)
INSERT INTO CTHD(SOHD,MASP,SL) VALUES (1017,'TV02',1)
INSERT INTO CTHD(SOHD,MASP,SL) VALUES (1017,'TV03',1)
INSERT INTO CTHD(SOHD,MASP,SL) VALUES (1017,'TV04',5)
INSERT INTO CTHD(SOHD,MASP,SL) VALUES (1018,'ST04',6)
INSERT INTO CTHD(SOHD,MASP,SL) VALUES (1019,'ST05',1)
INSERT INTO CTHD(SOHD,MASP,SL) VALUES (1019,'ST06',2)
INSERT INTO CTHD(SOHD,MASP,SL) VALUES (1020,'ST07',10)
INSERT INTO CTHD(SOHD,MASP,SL) VALUES (1021,'ST08',5)
INSERT INTO CTHD(SOHD,MASP,SL) VALUES (1021,'TV01',7)
INSERT INTO CTHD(SOHD,MASP,SL) VALUES (1021,'TV02',10)
INSERT INTO CTHD(SOHD,MASP,SL) VALUES (1022,'ST07',1)
INSERT INTO CTHD(SOHD,MASP,SL) VALUES (1023,'ST04',6)



/*Xóa ở where thì chọn thuộc tính nào cũng được nó sẽ xóa nguyên dòng đó còn xóa không where thì sẽ xóa hết*/
DELETE 
FROM KHACHHANG 
WHERE MAKH='KH09'

/*Cập nhật ở where thì chọn thuộc tính cần cập nhật nếu có 2 thuộc tính thì , ghi tiếp thuộc tính 2 còn cập nhật không where thì sẽ cập nhật hết*/
UPDATE KHACHHANG
SET DCHI ='KTX KHU A ĐHQG,THU DUC,TPHCM',SODT='0123445'
WHERE MAKH='KH09'

/*PHÉP CHIẾU LẤY NHỮNG CỘT ĐÚNG VỚI ĐK WHERE VÀ MUỐN LẤY CÁI NÀO RA THÌ GHI SAU SELECT CÒN MUỐN LẤY NGUYÊN HÀNG NGANG THÌ THẾ CÁC THUỘC TÍNH SAU SELECT = " * " */
SELECT* 
FROM KHACHHANG
WHERE SODT ='0123445'

/*PHÉP CHIẾU MUỐN LẤY 2 ĐK THÌ AND HOẶC OR TÙY NGỮ CẢNH*/
SELECT* 
FROM KHACHHANG
WHERE YEAR(NGSINH) >1979 AND / OR 

/*MAI 
1. PHÉP KẾT TRÊN SQL
2. HỘI GIAO TRỪ TRÊN SQL
3. PHÉP CHIA SQL
4. HÀM VÀ GOM NHÓM TRÊN SQL
*/
/*I*/